SNP,R2 Score
chr9_98362587_T_C_PRS313_Unknown_combined,0.9375431
chr9_6880263_A_G_PRS313_Unknown_combined,0.7444014
chr9_110885479_C_T_PRS313_Unknown_combined,0.93505883
chr9_110837176_C_T_PRS313_Known_combined,0.6831071
chr9_21964882_CAAAA_C_PRS313_Unknown_combined,0.6197937
chr9_36928288_T_C_PRS313_Unknown_combined,0.6426683
chr9_110303808_TAA_T_PRS313_Unknown_combined,0.632114
chr9_129424719_A_G_PRS313_Unknown_combined,0.4423123
chr9_119313486_A_G_PRS313_Unknown_combined,0.74679065
chr9_110849525_G_T_PRS313_Unknown_combined,0.47252727
chr9_136146597_C_T_PRS313_Known_combined,0.93405956
chr9_87782211_T_C_PRS313_Known_combined,0.7866619
chr9_22041998_C_G_PRS313_Known_combined,0.58839756
chr9_110837073_A_G_PRS313_Known_combined,0.36207438
