Chromosome,PRS313 SNPs,Number of PRS313 SNPs
1,"Index(['chr1_88156923_G_A_PRS313_Known_combined',
       'chr1_120257110_T_C_PRS313_Known_combined',
       'chr1_114445880_G_A_PRS313_Unknown_combined',
       'chr1_88428199_C_A_PRS313_Unknown_combined',
       'chr1_202184600_C_T_PRS313_Unknown_combined',
       'chr1_121280613_A_G_PRS313_Known_combined',
       'chr1_118141492_A_C_PRS313_Unknown_combined',
       'chr1_168171052_CA_C_PRS313_Unknown_combined',
       'chr1_110198129_CAAA_C_PRS313_Unknown_combined',
       'chr1_220671050_C_T_PRS313_Unknown_combined',
       'chr1_46670206_TC_T_PRS313_Unknown_combined',
       'chr1_41389220_T_C_PRS313_Unknown_combined',
       'chr1_208076291_G_A_PRS313_Unknown_combined',
       'chr1_51467096_CT_C_PRS313_Unknown_combined',
       'chr1_100880328_A_T_PRS313_Unknown_combined',
       'chr1_149906413_T_C_PRS313_Known_combined',
       'chr1_18807339_T_C_PRS313_Known_combined',
       'chr1_7917076_G_A_PRS313_Unknown_combined',
       'chr1_217053815_T_G_PRS313_Unknown_combined',
       'chr1_145604302_C_CT_PRS313_Unknown_combined',
       'chr1_203770448_T_A_PRS313_Unknown_combined',
       'chr1_10566215_A_G_PRS313_Known_combined',
       'chr1_242034263_A_G_PRS313_Known_combined',
       'chr1_41380440_C_T_PRS313_Known_combined',
       'chr1_217220574_G_A_PRS313_Known_combined',
       'chr1_155556971_G_A_PRS313_Unknown_combined',
       'chr1_201437832_C_T_PRS313_Known_combined',
       'chr1_204502514_T_TTCTGAAACAGGG_PRS313_Unknown_combined',
       'chr1_172328767_T_TA_PRS313_Unknown_combined',
       'chr1_121287994_A_G_PRS313_Unknown_combined'],
      dtype='object')",30
2,"Index(['chr2_218292158_C_G_PRS313_Unknown_combined',
       'chr2_217920769_G_T_PRS313_Known_combined',
       'chr2_172974566_C_G_PRS313_Unknown_combined',
       'chr2_88358825_G_C_PRS313_Unknown_combined',
       'chr2_202204741_T_C_PRS313_Unknown_combined',
       'chr2_174212910_A_G_PRS313_Unknown_combined',
       'chr2_121246568_T_C_PRS313_Unknown_combined',
       'chr2_29179452_G_C_PRS313_Unknown_combined',
       'chr2_29615233_T_C_PRS313_Unknown_combined',
       'chr2_10138983_T_C_PRS313_Unknown_combined',
       'chr2_39699510_C_CT_PRS313_Unknown_combined',
       'chr2_25129473_A_G_PRS313_Known_combined',
       'chr2_121058254_A_G_PRS313_Unknown_combined',
       'chr2_241388857_C_A_PRS313_Unknown_combined',
       'chr2_121159205_G_A_PRS313_Unknown_combined',
       'chr2_217955896_GA_G_PRS313_Unknown_combined',
       'chr2_192381934_C_T_PRS313_Known_combined',
       'chr2_121089731_T_C_PRS313_Known_combined',
       'chr2_70172587_G_A_PRS313_Unknown_combined',
       'chr2_19315675_T_A_PRS313_Unknown_combined',
       'chr2_218714845_G_A_PRS313_Unknown_combined'],
      dtype='object')",21
3,"Index(['chr3_55970777_A_AT_PRS313_Unknown_combined',
       'chr3_59373745_C_T_PRS313_Unknown_combined',
       'chr3_141112859_CTT_C_PRS313_Unknown_combined',
       'chr3_99403877_G_A_PRS313_Unknown_combined',
       'chr3_172285237_G_A_PRS313_Known_combined',
       'chr3_27353716_C_A_PRS313_Known_combined',
       'chr3_27388664_C_G_PRS313_Unknown_combined',
       'chr3_4742251_A_G_PRS313_Unknown_combined',
       'chr3_29294845_C_T_PRS313_Unknown_combined',
       'chr3_30684907_C_T_PRS313_Unknown_combined',
       'chr3_46888198_T_C_PRS313_Unknown_combined',
       'chr3_71620370_T_G_PRS313_Unknown_combined',
       'chr3_49709912_C_CT_PRS313_Unknown_combined',
       'chr3_189774456_C_T_PRS313_Unknown_combined',
       'chr3_63887449_T_TTG,TTGTG_PRS313_Unknown_combined',
       'chr3_87037543_A_G_PRS313_Known_combined'],
      dtype='object')",16
4,"Index(['chr4_106069013_G_T_PRS313_Unknown_combined',
       'chr4_38784633_G_T_PRS313_Unknown_combined',
       'chr4_175847436_C_A_PRS313_Unknown_combined',
       'chr4_175842495_G_A_PRS313_Unknown_combined',
       'chr4_151218296_CATATTT_C_PRS313_Unknown_combined',
       'chr4_89240476_G_A_PRS313_Unknown_combined',
       'chr4_143467195_C_T_PRS313_Unknown_combined',
       'chr4_187503758_A_G,T_PRS313_Unknown_combined',
       'chr4_126752992_A_AAT,AATAT_PRS313_Unknown_combined',
       'chr4_92594859_TTCTTTC_T_PRS313_Unknown_combined',
       'chr4_84370124_TAA_TA,T_PRS313_Known_combined'],
      dtype='object')",11
5,"Index(['chr5_79180995_G_GA_PRS313_Unknown_combined',
       'chr5_44649944_C_T_PRS313_Known_combined',
       'chr5_44706498_A_G_PRS313_Known_combined',
       'chr5_44853593_G_C_PRS313_Unknown_combined',
       'chr5_44508264_G_GT_PRS313_Unknown_combined',
       'chr5_44619502_A_G_PRS313_Unknown_combined',
       'chr5_131640536_A_G_PRS313_Unknown_combined',
       'chr5_71965007_G_A_PRS313_Unknown_combined',
       'chr5_52679539_C_CA,CAA_PRS313_Unknown_combined',
       'chr5_32579616_TCA_T_PRS313_Unknown_combined',
       'chr5_55662540_C_CT_PRS313_Unknown_combined',
       'chr5_77155397_GT_G_PRS313_Unknown_combined',
       'chr5_73234583_T_C_PRS313_Unknown_combined',
       'chr5_345109_T_C_PRS313_Unknown_combined',
       'chr5_122478676_C_A_PRS313_Unknown_combined',
       'chr5_2777029_G_A_PRS313_Unknown_combined',
       'chr5_56045081_T_C_PRS313_Known_combined',
       'chr5_122705244_C_T_PRS313_Unknown_combined',
       'chr5_1353077_T_C_PRS313_Unknown_combined',
       'chr5_81512947_TA_T_PRS313_Unknown_combined',
       'chr5_176134882_T_A,C_PRS313_Unknown_combined',
       'chr5_58241712_C_T_PRS313_Unknown_combined',
       'chr5_90789470_G_A_PRS313_Unknown_combined',
       'chr5_132407058_C_T_PRS313_Unknown_combined',
       'chr5_1279790_C_T_PRS313_Known_combined',
       'chr5_1296255_A_AG_PRS313_Unknown_combined',
       'chr5_56023083_T_G_PRS313_Known_combined',
       'chr5_104300273_G_T_PRS313_Known_combined',
       'chr5_16231194_G_C_PRS313_Unknown_combined',
       'chr5_173358154_G_A_PRS313_Unknown_combined',
       'chr5_169591460_T_C_PRS313_Unknown_combined',
       'chr5_158244083_C_T_PRS313_Known_combined',
       'chr5_56042972_C_T_PRS313_Unknown_combined',
       'chr5_55965167_C_T_PRS313_Unknown_combined'],
      dtype='object')",34
6,"Index(['chr6_152432902_C_T_PRS313_Unknown_combined',
       'chr6_152022664_CAAAAAAA_C_PRS313_Unknown_combined',
       'chr6_152055978_A_T_PRS313_Unknown_combined',
       'chr6_152023191_G_A_PRS313_Unknown_combined',
       'chr6_16399557_C_T_PRS313_Unknown_combined',
       'chr6_151955914_A_G_PRS313_Known_combined',
       'chr6_82263549_AAT_A_PRS313_Unknown_combined',
       'chr6_18783140_G_A_PRS313_Unknown_combined',
       'chr6_87803819_T_C_PRS313_Unknown_combined',
       'chr6_20537845_CA_C_PRS313_Unknown_combined',
       'chr6_85912194_CAA_C_PRS313_Unknown_combined',
       'chr6_151949806_A_C_PRS313_Unknown_combined',
       'chr6_169006947_C_G_PRS313_Unknown_combined',
       'chr6_13713366_G_C_PRS313_Unknown_combined',
       'chr6_21923810_T_C_PRS313_Known_combined',
       'chr6_43227141_G_A_PRS313_Unknown_combined',
       'chr6_170332621_T_C_PRS313_Unknown_combined',
       'chr6_149595505_T_C_PRS313_Unknown_combined',
       'chr6_27425644_G_C_PRS313_Unknown_combined',
       'chr6_130341728_C_CT_PRS313_Unknown_combined'],
      dtype='object')",20
7,"Index(['chr7_25569548_C_T_PRS313_Unknown_combined',
       'chr7_91459189_A_AT,ATT_PRS313_Unknown_combined',
       'chr7_98005235_G_A_PRS313_Unknown_combined',
       'chr7_28869017_G_A_PRS313_Unknown_combined',
       'chr7_55192256_A_C_PRS313_Unknown_combined',
       'chr7_144048902_G_T_PRS313_Unknown_combined',
       'chr7_101552440_G_A_PRS313_Unknown_combined',
       'chr7_99948655_T_G_PRS313_Unknown_combined',
       'chr7_139943702_CT_C_PRS313_Unknown_combined',
       'chr7_94113799_T_C_PRS313_Known_combined',
       'chr7_130674481_G_A_PRS313_Known_combined',
       'chr7_21940960_A_G_PRS313_Known_combined',
       'chr7_102481842_T_C_PRS313_Unknown_combined',
       'chr7_130656911_C_T_PRS313_Unknown_combined'],
      dtype='object')",14
8,"Index(['chr8_106358620_A_T_PRS313_Unknown_combined',
       'chr8_143669254_A_G_PRS313_Unknown_combined',
       'chr8_76333056_C_T_PRS313_Known_combined',
       'chr8_124563705_T_C_PRS313_Unknown_combined',
       'chr8_124571581_G_A_PRS313_Unknown_combined',
       'chr8_170692_T_C_PRS313_Known_combined',
       'chr8_76378165_G_T_PRS313_Known_combined',
       'chr8_76230943_A_G_PRS313_Unknown_combined',
       'chr8_117209548_A_G_PRS313_Known_combined',
       'chr8_128213561_C_CA_PRS313_Unknown_combined',
       'chr8_124739913_T_G_PRS313_Unknown_combined',
       'chr8_29509616_A_C_PRS313_Known_combined',
       'chr8_128372172_A_G_PRS313_Known_combined',
       'chr8_23447496_A_G_PRS313_Unknown_combined',
       'chr8_102483100_T_C_PRS313_Unknown_combined',
       'chr8_120862186_A_G_PRS313_Unknown_combined',
       'chr8_128370949_C_G_PRS313_Unknown_combined',
       'chr8_36858483_A_G_PRS313_Known_combined',
       'chr8_17787610_CT_C_PRS313_Unknown_combined',
       'chr8_23663653_C_A_PRS313_Unknown_combined',
       'chr8_129199566_G_A_PRS313_Unknown_combined'],
      dtype='object')",21
9,"Index(['chr9_98362587_T_C_PRS313_Unknown_combined',
       'chr9_6880263_A_G_PRS313_Unknown_combined',
       'chr9_110837073_A_G_PRS313_Known_combined',
       'chr9_110885479_C_T_PRS313_Unknown_combined',
       'chr9_110849525_G_T_PRS313_Unknown_combined',
       'chr9_110837176_C_T_PRS313_Known_combined',
       'chr9_22041998_C_G_PRS313_Known_combined',
       'chr9_21964882_CAAAA_C_PRS313_Unknown_combined',
       'chr9_36928288_T_C_PRS313_Unknown_combined',
       'chr9_110303808_TAA_T_PRS313_Known_combined',
       'chr9_129424719_A_G_PRS313_Unknown_combined',
       'chr9_119313486_A_G_PRS313_Unknown_combined',
       'chr9_136146597_C_T_PRS313_Known_combined',
       'chr9_87782211_T_C_PRS313_Known_combined'],
      dtype='object')",14
10,"Index(['chr10_38523626_C_A_PRS313_Unknown_combined',
       'chr10_123340431_GC_G_PRS313_Unknown_combined',
       'chr10_123340107_A_G_PRS313_Unknown_combined',
       'chr10_123349324_A_T_PRS313_Unknown_combined',
       'chr10_22477776_ACC_A_PRS313_Unknown_combined',
       'chr10_22861490_A_C,T_PRS313_Unknown_combined',
       'chr10_123095209_G_A_PRS313_Unknown_combined',
       'chr10_13892298_G_A_PRS313_Unknown_combined',
       'chr10_5794652_A_G_PRS313_Unknown_combined',
       'chr10_115128491_T_C_PRS313_Known_combined',
       'chr10_22032942_A_G_PRS313_Known_combined',
       'chr10_64299890_A_G_PRS313_Unknown_combined',
       'chr10_80886726_A_G_PRS313_Unknown_combined',
       'chr10_80851257_G_T_PRS313_Known_combined',
       'chr10_95292187_CAA_C_PRS313_Known_combined',
       'chr10_71335574_C_T_PRS313_Unknown_combined',
       'chr10_64819996_G_T_PRS313_Known_combined',
       'chr10_114777670_C_T_PRS313_Unknown_combined'],
      dtype='object')",18
11,"Index(['chr11_111696440_T_C_PRS313_Unknown_combined',
       'chr11_122966626_A_G_PRS313_Unknown_combined',
       'chr11_69331418_C_T_PRS313_Known_combined',
       'chr11_1895708_C_A_PRS313_Unknown_combined',
       'chr11_803017_A_G_PRS313_Known_combined',
       'chr11_433617_T_C_PRS313_Unknown_combined',
       'chr11_46318032_C_G_PRS313_Unknown_combined',
       'chr11_42844441_C_T_PRS313_Unknown_combined',
       'chr11_69328130_A_T_PRS313_Unknown_combined',
       'chr11_69330983_G_A_PRS313_Unknown_combined',
       'chr11_65553492_C_A_PRS313_Unknown_combined',
       'chr11_65572431_G_A_PRS313_Unknown_combined',
       'chr11_108267402_C_CA_PRS313_Unknown_combined',
       'chr11_116727936_A_T_PRS313_Unknown_combined',
       'chr11_129243417_T_G_PRS313_Unknown_combined',
       'chr11_129461016_A_G_PRS313_Unknown_combined',
       'chr11_103614438_T_G_PRS313_Unknown_combined',
       'chr11_18664241_T_G_PRS313_Unknown_combined',
       'chr11_44368892_G_A_PRS313_Unknown_combined'],
      dtype='object')",19
12,"Index(['chr12_14413931_G_C_PRS313_Known_combined',
       'chr12_115835836_T_C_PRS313_Known_combined',
       'chr12_115796577_A_G_PRS313_Unknown_combined',
       'chr12_120832146_C_T_PRS313_Known_combined',
       'chr12_103097887_C_T_PRS313_Unknown_combined',
       'chr12_96027759_A_G_PRS313_Known_combined',
       'chr12_85004551_C_T_PRS313_Unknown_combined',
       'chr12_111600134_G_T_PRS313_Unknown_combined',
       'chr12_28174817_C_T_PRS313_Known_combined',
       'chr12_28149568_C_T_PRS313_Unknown_combined',
       'chr12_29140260_G_A_PRS313_Unknown_combined',
       'chr12_57146069_T_G_PRS313_Known_combined',
       'chr12_293626_A_G_PRS313_Unknown_combined',
       'chr12_70798355_A_T_PRS313_Unknown_combined',
       'chr12_83064195_G_GA_PRS313_Unknown_combined',
       'chr12_115108136_T_C_PRS313_Unknown_combined',
       'chr12_28347382_C_T_PRS313_Unknown_combined'],
      dtype='object')",17
13,"Index(['chr13_73806982_T_C_PRS313_Unknown_combined',
       'chr13_32972626_A_T_PRS313_Known_combined',
       'chr13_32839990_G_A_PRS313_Unknown_combined',
       'chr13_73960952_A_G_PRS313_Unknown_combined',
       'chr13_43501356_A_G_PRS313_Unknown_combined'],
      dtype='object')",5
14,"Index(['chr14_105213978_T_G_PRS313_Unknown_combined',
       'chr14_37228504_C_T_PRS313_Unknown_combined',
       'chr14_93070286_C_T_PRS313_Known_combined',
       'chr14_37128564_C_A_PRS313_Unknown_combined',
       'chr14_91841069_A_G_PRS313_Known_combined',
       'chr14_68660428_T_C_PRS313_Known_combined',
       'chr14_68979835_T_C_PRS313_Known_combined',
       'chr14_91751788_TC_T_PRS313_Unknown_combined'],
      dtype='object')",8
15,"Index(['chr15_66630569_G_A_PRS313_Unknown_combined',
       'chr15_100905819_A_C_PRS313_Unknown_combined',
       'chr15_67457698_A_G_PRS313_Known_combined',
       'chr15_46680811_C_A_PRS313_Unknown_combined',
       'chr15_91512267_G_T_PRS313_Unknown_combined',
       'chr15_50694306_A_G_PRS313_Known_combined',
       'chr15_75750383_T_C_PRS313_Unknown_combined'],
      dtype='object')",7
16,"Index(['chr16_6963972_C_G_PRS313_Unknown_combined',
       'chr16_23007047_G_T_PRS313_Unknown_combined',
       'chr16_53861139_C_T_PRS313_Unknown_combined',
       'chr16_53861592_G_A_PRS313_Unknown_combined',
       'chr16_87086492_T_C_PRS313_Unknown_combined',
       'chr16_4008542_CAAAAA_C_PRS313_Unknown_combined',
       'chr16_54682064_G_A_PRS313_Known_combined',
       'chr16_52599188_C_T_PRS313_Known_combined',
       'chr16_80648296_A_G_PRS313_Unknown_combined',
       'chr16_52538825_C_A_PRS313_Unknown_combined',
       'chr16_10706580_G_A_PRS313_Unknown_combined',
       'chr16_4106788_C_A_PRS313_Unknown_combined',
       'chr16_85145977_T_C_PRS313_Unknown_combined',
       'chr16_53809123_C_T_PRS313_Known_combined'],
      dtype='object')",14
17,"Index(['chr17_43212339_C_CT_PRS313_Unknown_combined',
       'chr17_53209774_A_C_PRS313_Known_combined',
       'chr17_44283858_G_A_PRS313_Unknown_combined',
       'chr17_40485239_G_T_PRS313_Unknown_combined',
       'chr17_77781725_A_G_PRS313_Known_combined',
       'chr17_40127060_T_C_PRS313_Unknown_combined',
       'chr17_29168077_G_T_PRS313_Unknown_combined',
       'chr17_39251123_T_C_PRS313_Unknown_combined',
       'chr17_40744470_G_A_PRS313_Unknown_combined'],
      dtype='object')",9
18,"Index(['chr18_29981526_G_A_PRS313_Unknown_combined',
       'chr18_42888797_T_C_PRS313_Unknown_combined',
       'chr18_42411803_G_C_PRS313_Unknown_combined',
       'chr18_24337424_C_G_PRS313_Known_combined',
       'chr18_24125857_T_C_PRS313_Unknown_combined',
       'chr18_24518050_AT_A_PRS313_Unknown_combined',
       'chr18_11696613_C_T_PRS313_Known_combined',
       'chr18_25407513_C_G_PRS313_Unknown_combined',
       'chr18_20634253_C_T_PRS313_Unknown_combined'],
      dtype='object')",9
19,"Index(['chr19_18569492_C_T_PRS313_Unknown_combined',
       'chr19_46166073_T_C_PRS313_Unknown_combined',
       'chr19_44283031_T_C_PRS313_Unknown_combined',
       'chr19_13249921_G_T_PRS313_Unknown_combined',
       'chr19_19517054_C_CGGGCG_PRS313_Unknown_combined',
       'chr19_17393925_C_A_PRS313_Unknown_combined',
       'chr19_55816678_C_T_PRS313_Unknown_combined'],
      dtype='object')",7
20,"Index(['chr20_52296849_G_A_PRS313_Unknown_combined',
       'chr20_41613706_C_G_PRS313_Unknown_combined',
       'chr20_11379842_T_C_PRS313_Unknown_combined',
       'chr20_5948227_G_A_PRS313_Known_combined'],
      dtype='object')",4
21,"Index(['chr21_16574455_C_A_PRS313_Known_combined',
       'chr21_16574455_C_A_PRS313_Unknown_combined',
       'chr21_16566350_A_G_PRS313_Unknown_combined',
       'chr21_47762932_G_A_PRS313_Unknown_combined',
       'chr21_16364756_T_G_PRS313_Known_combined'],
      dtype='object')",5
22,"Index(['chr22_46283297_G_A_PRS313_Unknown_combined',
       'chr22_39343916_T_A_PRS313_Known_combined',
       'chr22_38583315_AAAAG_AAAAGAAAG,AAAAGAAAGAAAG,A_PRS313_Unknown_combined',
       'chr22_40904707_CT_C_PRS313_Known_combined',
       'chr22_19766137_C_T_PRS313_Unknown_combined',
       'chr22_43433100_C_T_PRS313_Unknown_combined',
       'chr22_45319953_G_A_PRS313_Unknown_combined',
       'chr22_29203724_C_T_PRS313_Unknown_combined',
       'chr22_29551872_A_G_PRS313_Unknown_combined',
       'chr22_29135543_G_A_PRS313_Unknown_combined',
       'chr22_29121087_A_G_PRS313_Known_combined'],
      dtype='object')",11
